{
    "$schema": "https://schema.management.azure.com/schemas/2015-01-01/deploymentParameters.json#",
    "contentVersion": "1.0.0.0",
    "parameters": {
        "factoryName": {
            "value": "taaasadf"
        },
        "Redirecting_BlobStorage_pp4_connectionString": {
            "value": ""
        },
        "Destination_AzureStorage_Blob_SFDCAccount_connectionString": {
            "value": ""
        },
        "Source_Salesforce_Account_password": {
            "value": ""
        },
        "Source_Salesforce_Account_securityToken": {
            "value": ""
        },
        "Destination_BlobStorage_SFDC_Account_connectionString": {
            "value": ""
        },
        "Source_SFDC_Account_password": {
            "value": ""
        },
        "Source_SFDC_Account_securityToken": {
            "value": ""
        },
        "Redirecting_BlobStorage_z4n_connectionString": {
            "value": ""
        },
        "Source_Salesforce_Data_Account_password": {
            "value": ""
        },
        "Source_Salesforce_Data_Account_securityToken": {
            "value": ""
        },
        "Destination_SQLDB_Table_Account_connectionString": {
            "value": ""
        },
        "Source_Salesforce_Data_Opportunity_password": {
            "value": ""
        },
        "Source_Salesforce_Data_Opportunity_securityToken": {
            "value": ""
        },
        "Destination_SQLDB_Table_Opportunity_connectionString": {
            "value": ""
        },
        "Source_SFDC_Data_Opportunity_password": {
            "value": ""
        },
        "Source_SFDC_Data_Opportunity_securityToken": {
            "value": ""
        },
        "Destination_Azure_SQLDB_Table_Opportunity_connectionString": {
            "value": ""
        },
        "Source_BlobStorage_sg7_connectionString": {
            "value": ""
        },
        "Destination_SQLAzure_sg7_connectionString": {
            "value": ""
        },
        "Destination_SQLAzure_2wp_connectionString": {
            "value": ""
        },
        "Source_BlobStorage_2wp_connectionString": {
            "value": ""
        },
        "Source_BlobStorage_Communication_Transaction_connectionString": {
            "value": ""
        },
        "Destination_SQLAzure_on6_connectionString": {
            "value": ""
        },
        "Source_BlobStorage_Account_Geography_connectionString": {
            "value": ""
        },
        "Destination_SQLDB_Account_Geography_connectionString": {
            "value": ""
        },
        "Destination_SQLDB_Communication_Channel_Type_connectionString": {
            "value": ""
        },
        "Source_BlobStorage_Communication_Channel_type_connectionString": {
            "value": ""
        },
        "Destination_SQLDB_Error_Master_connectionString": {
            "value": ""
        },
        "Source_BlobStorage_Error_Master_connectionString": {
            "value": ""
        },
        "Destination_SQLDB_OriginalLabel_connectionString": {
            "value": ""
        },
        "Source_BlobStorage_OriginalLabel_connectionString": {
            "value": ""
        },
        "Source_BlobStorage_Payment_Method_connectionString": {
            "value": ""
        },
        "Destination_SQLDB_Payment_Method_connectionString": {
            "value": ""
        },
        "Source_BlobStorage_Product_connectionString": {
            "value": ""
        },
        "Destination_SQLDB_Product_connectionString": {
            "value": ""
        },
        "Source_BlobStorage_Subscription_connectionString": {
            "value": ""
        },
        "Destination_SQLDB_connectionString": {
            "value": ""
        },
        "Source_BlobStorage_Ticket_Status_connectionString": {
            "value": ""
        },
        "Destination_SQLDB_Ticket_Status_connectionString": {
            "value": ""
        },
        "Source_BlobStorage_gtr_connectionString": {
            "value": ""
        },
        "Destination_SQLAzure_Account_Tapas_connectionString": {
            "value": ""
        },
        "Source_BlobStorage_Account_Tapas_connectionString": {
            "value": ""
        },
        "Destination_SQLAzure_Account_Tapas1_connectionString": {
            "value": ""
        },
        "Source_BlobStorage_Contact_Tapas_connectionString": {
            "value": ""
        },
        "Destination_SQLAzure_Contact_Tapas_connectionString": {
            "value": ""
        },
        "Source_BlobStorage_Lead_Tapas_connectionString": {
            "value": ""
        },
        "Destination_SQLAzure_Lead_Tapas_connectionString": {
            "value": ""
        },
        "Source_BlobStorage_Opportunity_Tapas_connectionString": {
            "value": ""
        },
        "Destination_SQLAzure_Opportunity_Tapas_connectionString": {
            "value": ""
        },
        "Destination_SQLAzure_Order_Tapas_connectionString": {
            "value": ""
        },
        "Source_BlobStorage_Order_Tapas_connectionString": {
            "value": ""
        },
        "Source_BlobStorage_Quote_Tapas_connectionString": {
            "value": ""
        },
        "Destination_SQLAzure_Quote_Tapas_connectionString": {
            "value": ""
        },
        "Destination_SQLDB_Subscription_Transaction_connectionString": {
            "value": ""
        },
        "Source_BlobStorage_Subscription_Transaction_connectionString": {
            "value": ""
        },
        "Source_BlobStorage_SQLDB_Forecast_connectionString": {
            "value": ""
        },
        "Destination_SQLDB_Forecast_connectionString": {
            "value": ""
        },
        "Source_BlobStorage_ErrorLog_Transaction_connectionString": {
            "value": ""
        },
        "Destination_SQLDB_ErrorLog_Transaction_connectionString": {
            "value": ""
        },
        "Source_BlobStorage_Error_Transaction_connectionString": {
            "value": ""
        },
        "Destination_SQLDB_Error_Transaction_connectionString": {
            "value": ""
        },
        "taaasstorageaccount_input_test_connectionString": {
            "value": ""
        },
        "taaasstorageaccount_output_test_connectionString": {
            "value": ""
        },
        "taaasstorageaccount_linkedservice_input_test_connectionString": {
            "value": ""
        },
        "taaasstorageaccount_linkedservice_output_test_connectionString": {
            "value": ""
        },
        "AzureSqlDatabaseLinkedService_Test_connectionString": {
            "value": ""
        },
        "AzureDatabricksSpark_accessToken": {
            "value": ""
        },
        "AzureStorage114may_connectionString": {
            "value": ""
        },
        "AzureSqlDatabase114May_connectionString": {
            "value": ""
        },
        "Account_o_z4n_properties_typeProperties_fileName": {
            "value": "Account"
        },
        "Account_o_z4n_properties_typeProperties_folderPath": {
            "value": "sfdc"
        },
        "D_Account_csv_i_sg7_properties_typeProperties_fileName": {
            "value": "D_Account.csv"
        },
        "D_Account_csv_i_sg7_properties_typeProperties_folderPath": {
            "value": "data"
        },
        "D_Payment_Status_csv_i_2wp_properties_typeProperties_fileName": {
            "value": "D_Payment_Status.csv"
        },
        "D_Payment_Status_csv_i_2wp_properties_typeProperties_folderPath": {
            "value": "data"
        },
        "Communication_Transaction_csv_i_on6_properties_typeProperties_fileName": {
            "value": "Communication_Transaction.csv"
        },
        "Communication_Transaction_csv_i_on6_properties_typeProperties_folderPath": {
            "value": "data"
        },
        "D_Account_Geopraghy_csv_i_9v9_properties_typeProperties_fileName": {
            "value": "D_Account_Geopraghy.csv"
        },
        "D_Account_Geopraghy_csv_i_9v9_properties_typeProperties_folderPath": {
            "value": "data"
        },
        "D_Communication_Channel_Type_csv_i_lgl_properties_typeProperties_fileName": {
            "value": "D_Communication_Channel_Type.csv"
        },
        "D_Communication_Channel_Type_csv_i_lgl_properties_typeProperties_folderPath": {
            "value": "data"
        },
        "D_Error_Master_csv_i_zuq_properties_typeProperties_fileName": {
            "value": "D_Error_Master.csv"
        },
        "D_Error_Master_csv_i_zuq_properties_typeProperties_folderPath": {
            "value": "data"
        },
        "D_OriginalLabel_csv_i_a7a_properties_typeProperties_fileName": {
            "value": "D_OriginalLabel.csv"
        },
        "D_OriginalLabel_csv_i_a7a_properties_typeProperties_folderPath": {
            "value": "data"
        },
        "D_Payment_Method_csv_i_xd7_properties_typeProperties_fileName": {
            "value": "D_Payment_Method.csv"
        },
        "D_Payment_Method_csv_i_xd7_properties_typeProperties_folderPath": {
            "value": "data"
        },
        "D_Product_csv_i_b4y_properties_typeProperties_fileName": {
            "value": "D_Product.csv"
        },
        "D_Product_csv_i_b4y_properties_typeProperties_folderPath": {
            "value": "data"
        },
        "D_Subscription_csv_i_5ck_properties_typeProperties_fileName": {
            "value": "D_Subscription.csv"
        },
        "D_Subscription_csv_i_5ck_properties_typeProperties_folderPath": {
            "value": "data"
        },
        "D_Ticket_Status_csv_i_p6m_properties_typeProperties_fileName": {
            "value": "D_Ticket_Status.csv"
        },
        "D_Ticket_Status_csv_i_p6m_properties_typeProperties_folderPath": {
            "value": "data"
        },
        "Accounts_csv_i_gtr_properties_typeProperties_fileName": {
            "value": "Accounts.csv"
        },
        "Accounts_csv_i_gtr_properties_typeProperties_folderPath": {
            "value": "temp"
        },
        "Accounts_csv_i_zfp_properties_typeProperties_fileName": {
            "value": "Accounts.csv"
        },
        "Accounts_csv_i_zfp_properties_typeProperties_folderPath": {
            "value": "temp"
        },
        "Contacts_csv_i_3px_properties_typeProperties_fileName": {
            "value": "Contacts.csv"
        },
        "Contacts_csv_i_3px_properties_typeProperties_folderPath": {
            "value": "temp"
        },
        "Leads_csv_i_ome_properties_typeProperties_fileName": {
            "value": "Leads.csv"
        },
        "Leads_csv_i_ome_properties_typeProperties_folderPath": {
            "value": "temp"
        },
        "Opportunities_csv_i_ccr_properties_typeProperties_fileName": {
            "value": "Opportunities.csv"
        },
        "Opportunities_csv_i_ccr_properties_typeProperties_folderPath": {
            "value": "temp"
        },
        "Orders_csv_i_jrh_properties_typeProperties_fileName": {
            "value": "Orders.csv"
        },
        "Orders_csv_i_jrh_properties_typeProperties_folderPath": {
            "value": "temp"
        },
        "Quotes_csv_i_u4h_properties_typeProperties_fileName": {
            "value": "Quotes.csv"
        },
        "Quotes_csv_i_u4h_properties_typeProperties_folderPath": {
            "value": "temp"
        },
        "Subscription_Transaction_csv_i_kkf_properties_typeProperties_fileName": {
            "value": "Subscription_Transaction.csv"
        },
        "Subscription_Transaction_csv_i_kkf_properties_typeProperties_folderPath": {
            "value": "data"
        },
        "TSForecast_csv_i_5uj_properties_typeProperties_fileName": {
            "value": "TSForecast.csv"
        },
        "TSForecast_csv_i_5uj_properties_typeProperties_folderPath": {
            "value": "data/Output"
        },
        "TransactionTable_csv_i_3kn_properties_typeProperties_fileName": {
            "value": "TransactionTable.csv"
        },
        "TransactionTable_csv_i_3kn_properties_typeProperties_folderPath": {
            "value": "log-data/Input"
        },
        "TransactionTable_csv_i_li1_properties_typeProperties_fileName": {
            "value": "TransactionTable.csv"
        },
        "TransactionTable_csv_i_li1_properties_typeProperties_folderPath": {
            "value": "log-data/Input"
        },
        "taaasstorageaccount_input_test_properties_typeProperties_fileName": {
            "value": "InputFileADFV2_TEST.txt"
        },
        "taaasstorageaccount_input_test_properties_typeProperties_folderPath": {
            "value": "data/Input"
        },
        "taaasstorageaccount_output_test_properties_typeProperties_fileName": {
            "value": "OutyputFileADFV2_TEST"
        },
        "taaasstorageaccount_output_test_properties_typeProperties_folderPath": {
            "value": "data/Output"
        },
        "SinkDataset_properties_typeProperties_fileName": {
            "value": "@CONCAT('Incremental-', pipeline().RunId, '.txt')"
        },
        "SinkDataset_properties_typeProperties_folderPath": {
            "value": "data/Output"
        },
        "data_manupulation_input_test_properties_typeProperties_fileName": {
            "value": "InputFileADFV2_TEST.txt"
        },
        "data_manupulation_input_test_properties_typeProperties_folderPath": {
            "value": "data/Input"
        },
        "upsert_input_test_properties_typeProperties_fileName": {
            "value": "Upsert_Data_Test.txt"
        },
        "upsert_input_test_properties_typeProperties_folderPath": {
            "value": "data/Input"
        },
        "truncate_load_input_test_properties_typeProperties_fileName": {
            "value": "Upsert_Data_Test.txt"
        },
        "truncate_load_input_test_properties_typeProperties_folderPath": {
            "value": "data/Input"
        },
        "scd_input_test_properties_typeProperties_fileName": {
            "value": "SCD_Data_Test.txt"
        },
        "scd_input_test_properties_typeProperties_folderPath": {
            "value": "data/Input"
        },
        "SourceDataset_xge_properties_typeProperties_fileName": {
            "value": ""
        },
        "SourceDataset_xge_properties_typeProperties_folderPath": {
            "value": "data/Output/email_Classification_Output_Final.csv"
        },
        "Source_Salesforce_Account_properties_typeProperties_username": {
            "value": "gaurav.141431@tcs.com"
        },
        "Source_SFDC_Account_properties_typeProperties_username": {
            "value": "gaurav.141431@tcs.com"
        },
        "Source_Salesforce_Data_Account_properties_typeProperties_username": {
            "value": "gaurav.141431@tcs.com"
        },
        "Source_Salesforce_Data_Opportunity_properties_typeProperties_username": {
            "value": "gaurav.141431@tcs.com"
        },
        "Source_SFDC_Data_Opportunity_properties_typeProperties_username": {
            "value": "gaurav.141431@tcs.com"
        },
        "Source_MSDynamics_properties_typeProperties_username": {
            "value": "gaurav.141431@tcstaaas.onmicrosoft.com"
        }
    }
}